traffic_id,date,time,city_zone,road_type,vehicle_count,avg_speed,weather,visibility,traffic_signal,accident_occurred,accident_severity,road_condition,day_of_week,vehicle_count_norm,avg_speed_norm,visibility_norm,zone_encoded,road_encoded,hotspot_cluster
12,2023-10-27,13:57:00,Central,Crossroad,51.0,20.6,Fog,4,Green,1,Minor,Good,Friday,0.2281463112213267,0.1111227591990775,0.3333333333333333,0,1,2
21,2023-10-29,07:00:00,North,Highway,164.0,65.37,Rain,6,Green,1,Minor,Good,Sunday,0.7885926844389336,0.5804591676276339,0.5555555555555556,2,2,1
25,2023-03-13,13:11:00,East,Crossroad,56.0,17.9,Rain,9,Green,1,Fatal,Fair,Monday,0.2529448233106013,0.0828179054408218,0.8888888888888888,1,1,2
41,2023-07-01,17:56:00,West,Arterial,45.0,34.86,Rain,7,Green,1,Fatal,Good,Saturday,0.1983880967141971,0.2606143201593458,0.6666666666666665,4,0,0
45,2023-10-02,10:01:00,North,Residential,39.0,36.11,Rain,1,Yellow,1,Major,Fair,Monday,0.1686298822070675,0.2737184191215012,0.0,2,3,1
59,2023-12-28,06:04:00,West,Crossroad,49.0,22.65,Fog,4,Yellow,1,Major,Fair,Thursday,0.2182269063856168,0.1326134814970122,0.3333333333333333,4,1,0
62,2023-07-19,10:42:00,West,Arterial,78.0,20.79,Snow,9,Green,1,Major,Poor,Wednesday,0.3620582765034097,0.113114582241325,0.8888888888888888,4,0,0
63,2023-10-31,18:42:00,North,Highway,161.0,81.52,Snow,3,Green,1,Major,Fair,Tuesday,0.7737135771853688,0.7497641262186812,0.2222222222222222,2,2,1
69,2023-10-22,21:58:00,West,Crossroad,34.0,29.42,Rain,4,Green,1,Major,Poor,Sunday,0.1438313701177929,0.2035852814760457,0.3333333333333333,4,1,0
70,2023-12-17,19:51:00,North,Highway,166.0,54.15,Fog,3,Yellow,1,Fatal,Fair,Sunday,0.7985120892746435,0.4628367753433273,0.2222222222222222,2,2,1
109,2023-02-16,13:06:00,North,Crossroad,34.0,30.11,Rain,1,Yellow,1,Minor,Fair,Thursday,0.1438313701177929,0.2108187441031554,0.0,2,1,0
121,2023-12-11,08:37:00,West,Residential,34.0,38.85,Clear,8,Yellow,1,Fatal,Good,Monday,0.1438313701177929,0.3024426040465457,0.7777777777777777,4,3,1
122,2023-06-17,19:14:00,North,Crossroad,60.0,38.93,Fog,1,Yellow,1,Minor,Fair,Saturday,0.2727836329820211,0.3032812663801237,0.0,2,1,0
125,2023-05-24,01:44:00,East,Arterial,85.0,35.24,Snow,6,Red,1,Fatal,Good,Wednesday,0.3967761934283942,0.2645979662438411,0.5555555555555556,1,0,2
129,2023-11-02,00:17:00,South,Arterial,75.0,26.34,Fog,1,Green,1,Major,Good,Thursday,0.347179169249845,0.1712967816332948,0.0,3,0,0
131,2023-02-02,15:28:00,East,Highway,131.0,63.52,Snow,10,Yellow,1,Fatal,Good,Thursday,0.624922504649721,0.561065101163644,1.0,1,2,2
134,2023-10-27,17:45:00,East,Crossroad,82.0,20.56,Fog,4,Red,1,Fatal,Poor,Friday,0.3818970861748295,0.1107034280322884,0.3333333333333333,1,1,2
142,2023-06-08,10:22:00,North,Arterial,81.0,22.1,Rain,7,Yellow,1,Fatal,Poor,Thursday,0.3769373837569745,0.1268476779536639,0.6666666666666665,2,0,0
144,2023-06-09,23:20:00,Central,Highway,146.0,85.88,Clear,10,Green,1,Minor,Good,Friday,0.6993180409175449,0.795471223398679,1.0,0,2,2
146,2023-02-28,11:27:00,North,Residential,45.0,28.06,Snow,5,Yellow,1,Major,Poor,Tuesday,0.1983880967141971,0.1893280218052206,0.4444444444444445,2,3,1
205,2023-06-04,15:15:00,West,Residential,52.0,36.12,Snow,1,Green,1,Major,Poor,Sunday,0.2331060136391816,0.2738232519131984,0.0,4,3,1
228,2023-04-30,01:06:00,West,Residential,39.0,25.66,Snow,3,Green,1,Fatal,Poor,Sunday,0.1686298822070675,0.1641681517978823,0.2222222222222222,4,3,1
234,2023-10-18,21:48:00,South,Arterial,62.0,38.06,Snow,6,Red,1,Fatal,Poor,Wednesday,0.2827030378177309,0.2941608135024636,0.5555555555555556,3,0,0
236,2023-05-17,10:19:00,Central,Highway,144.0,45.58,Fog,2,Yellow,1,Minor,Fair,Wednesday,0.689398636081835,0.3729950728587902,0.1111111111111111,0,2,2
239,2023-12-07,06:48:00,South,Highway,161.0,66.49,Snow,6,Yellow,1,Fatal,Poor,Thursday,0.7737135771853688,0.5922004402977251,0.5555555555555556,3,2,1
251,2023-12-11,10:15:00,East,Arterial,68.0,47.28,Rain,5,Red,1,Fatal,Fair,Monday,0.3124612523248605,0.3908166474473215,0.4444444444444445,1,0,2
279,2023-02-12,08:09:00,West,Arterial,40.0,28.54,Snow,2,Red,1,Major,Fair,Sunday,0.1735895846249225,0.1943599958066883,0.1111111111111111,4,0,0
285,2023-05-07,23:40:00,West,Arterial,12.0,29.19,Snow,5,Green,1,Major,Good,Sunday,0.0347179169249845,0.2011741272670091,0.4444444444444445,4,0,0
292,2023-09-17,22:26:00,Central,Highway,162.0,82.17,Fog,1,Yellow,1,Minor,Poor,Sunday,0.7786732796032237,0.756578257679002,0.0,0,2,2
293,2023-12-03,21:22:00,South,Highway,153.0,65.99,Snow,2,Red,1,Major,Fair,Sunday,0.7340359578425294,0.5869588007128629,0.1111111111111111,3,2,1
300,2023-12-03,13:25:00,North,Arterial,41.0,35.02,Snow,7,Yellow,1,Minor,Fair,Sunday,0.1785492870427774,0.2622916448265017,0.6666666666666665,2,0,0
319,2023-10-23,04:36:00,West,Residential,66.0,40.73,Clear,8,Green,1,Minor,Good,Monday,0.3025418474891506,0.3221511688856274,0.7777777777777777,4,3,1
321,2023-05-21,02:41:00,East,Residential,43.0,56.69,Clear,3,Red,1,Fatal,Poor,Sunday,0.1884686918784872,0.4894643044344271,0.2222222222222222,1,3,2
324,2023-08-05,22:08:00,West,Highway,96.0,63.57,Rain,2,Red,1,Major,Good,Saturday,0.4513329200247985,0.5615892651221303,0.1111111111111111,4,2,1
331,2023-10-19,13:23:00,Central,Arterial,38.0,27.63,Snow,10,Green,1,Major,Good,Thursday,0.1636701797892126,0.1848202117622392,1.0,0,0,2
335,2023-05-03,01:15:00,North,Crossroad,5.0,50.92,Clear,10,Red,1,Fatal,Poor,Wednesday,0.0,0.4289757836251179,1.0,2,1,0
340,2023-02-22,18:43:00,North,Arterial,68.0,52.72,Clear,4,Green,1,Major,Good,Wednesday,0.3124612523248605,0.4478456861306217,0.3333333333333333,2,0,0
347,2023-09-29,07:26:00,West,Highway,128.0,68.93,Rain,2,Yellow,1,Minor,Fair,Friday,0.6100433973961562,0.6177796414718525,0.1111111111111111,4,2,1
352,2023-10-02,11:49:00,South,Crossroad,35.0,20.73,Fog,1,Red,1,Fatal,Fair,Monday,0.1487910725356478,0.1124855854911416,0.0,3,1,0
355,2023-10-12,23:35:00,South,Highway,108.0,77.57,Snow,2,Green,1,Minor,Good,Thursday,0.5108493490390577,0.7083551734982702,0.1111111111111111,3,2,1
357,2023-02-08,00:04:00,South,Crossroad,39.0,35.19,Rain,2,Green,1,Major,Fair,Wednesday,0.1686298822070675,0.2640738022853548,0.1111111111111111,3,1,0
360,2023-11-12,07:41:00,East,Crossroad,42.0,31.54,Snow,1,Yellow,1,Major,Fair,Sunday,0.1835089894606323,0.2258098333158611,0.0,1,1,2
366,2023-10-16,04:36:00,South,Crossroad,53.0,24.17,Fog,1,Green,1,Minor,Fair,Monday,0.2380657160570365,0.1485480658349932,0.0,3,1,0
371,2023-04-25,21:37:00,South,Crossroad,13.0,21.76,Fog,3,Yellow,1,Fatal,Poor,Tuesday,0.0396776193428394,0.1232833630359576,0.2222222222222222,3,1,0
386,2023-12-23,21:06:00,North,Residential,64.0,27.5,Snow,9,Yellow,1,Major,Good,Saturday,0.2926224426534408,0.183457385470175,0.8888888888888888,2,3,1
394,2023-11-08,21:44:00,West,Highway,166.0,67.67,Snow,4,Red,1,Major,Poor,Wednesday,0.7985120892746435,0.6045707097179999,0.3333333333333333,4,2,1
417,2023-02-15,04:39:00,West,Crossroad,29.0,25.86,Snow,7,Red,1,Fatal,Fair,Wednesday,0.1190328580285182,0.1662648076318272,0.6666666666666665,4,1,0
423,2023-11-24,08:49:00,Central,Highway,153.0,84.92,Clear,1,Yellow,1,Minor,Good,Friday,0.7340359578425294,0.7854072753957438,0.0,0,2,2
436,2023-09-07,03:56:00,West,Crossroad,46.0,32.02,Clear,6,Green,1,Fatal,Fair,Thursday,0.203347799132052,0.2308418073173289,0.5555555555555556,4,1,0
441,2023-10-21,14:05:00,West,Crossroad,100.0,27.75,Fog,1,Green,1,Major,Fair,Saturday,0.4711717296962182,0.1860782052626061,0.0,4,1,0
454,2023-12-08,22:26:00,Central,Residential,22.0,37.97,Snow,2,Green,1,Minor,Poor,Friday,0.0843149411035337,0.2932173183771884,0.1111111111111111,0,3,2
455,2023-01-28,21:03:00,South,Residential,62.0,49.31,Rain,5,Red,1,Minor,Poor,Saturday,0.2827030378177309,0.4120977041618618,0.4444444444444445,3,3,1
461,2023-03-08,05:37:00,East,Highway,171.0,55.79,Fog,2,Red,1,Major,Poor,Wednesday,0.8233106013639181,0.4800293531816751,0.1111111111111111,1,2,2
462,2023-11-02,01:49:00,Central,Residential,52.0,26.4,Snow,6,Yellow,1,Fatal,Poor,Thursday,0.2331060136391816,0.1719257783834783,0.5555555555555556,0,3,2
470,2023-12-26,23:49:00,West,Highway,154.0,59.49,Rain,6,Green,1,Minor,Fair,Tuesday,0.7389956602603843,0.5188174861096552,0.5555555555555556,4,2,1
474,2023-05-25,14:24:00,West,Highway,119.0,58.46,Snow,4,Green,1,Major,Poor,Thursday,0.5654060756354619,0.5080197085648391,0.3333333333333333,4,2,1
475,2023-10-07,09:40:00,South,Residential,49.0,33.95,Fog,2,Green,1,Minor,Poor,Saturday,0.2182269063856168,0.2510745361148968,0.1111111111111111,3,3,1
479,2023-04-12,23:37:00,West,Residential,56.0,35.65,Fog,2,Green,1,Fatal,Poor,Wednesday,0.2529448233106013,0.268896110703428,0.1111111111111111,4,3,1
483,2023-08-25,14:22:00,East,Crossroad,48.0,54.4,Clear,10,Green,1,Major,Poor,Friday,0.2132672039677619,0.4654575951357584,1.0,1,1,2
486,2023-10-04,15:41:00,South,Residential,52.0,26.55,Snow,5,Green,1,Fatal,Poor,Wednesday,0.2331060136391816,0.173498270258937,0.4444444444444445,3,3,1
493,2023-06-26,15:50:00,West,Highway,149.0,54.73,Rain,4,Red,1,Fatal,Good,Monday,0.7141971481711097,0.4689170772617674,0.3333333333333333,4,2,1
496,2023-07-30,00:15:00,North,Arterial,54.0,15.67,Rain,9,Green,1,Fatal,Poor,Sunday,0.2430254184748915,0.0594401928923367,0.8888888888888888,2,0,0
501,2023-09-16,21:26:00,South,Highway,177.0,71.4,Rain,10,Red,1,Fatal,Poor,Saturday,0.8530688158710477,0.6436733410210714,1.0,3,2,1
510,2023-03-24,03:13:00,Central,Crossroad,43.0,35.39,Fog,1,Yellow,1,Fatal,Poor,Friday,0.1884686918784872,0.2661704581192997,0.0,0,1,2
520,2023-11-21,07:43:00,South,Residential,54.0,40.38,Snow,9,Red,1,Major,Poor,Tuesday,0.2430254184748915,0.3184820211762239,0.8888888888888888,3,3,1
525,2023-10-22,08:31:00,South,Residential,79.0,43.04,Snow,3,Green,1,Major,Poor,Sunday,0.3670179789212647,0.3463675437676905,0.2222222222222222,3,3,1
554,2023-07-20,02:34:00,West,Arterial,62.0,23.57,Rain,1,Red,1,Fatal,Fair,Thursday,0.2827030378177309,0.1422580983331586,0.0,4,0,0
561,2023-02-24,04:31:00,South,Residential,72.0,41.5,Fog,2,Red,1,Major,Poor,Friday,0.3323000619962802,0.3302232938463151,0.1111111111111111,3,3,1
583,2023-08-11,13:59:00,North,Arterial,70.0,64.4,Clear,7,Yellow,1,Fatal,Poor,Friday,0.3223806571605703,0.5702903868330014,0.6666666666666665,2,0,0
584,2023-01-22,10:34:00,Central,Arterial,77.0,36.51,Fog,2,Yellow,1,Fatal,Poor,Sunday,0.3570985740855548,0.2779117307893909,0.1111111111111111,0,0,2
614,2023-02-27,05:49:00,Central,Arterial,50.0,30.82,Snow,8,Red,1,Major,Fair,Monday,0.2231866088034718,0.2182618723136597,0.7777777777777777,0,0,2
657,2023-04-01,09:25:00,North,Highway,177.0,68.46,Snow,1,Red,1,Minor,Fair,Saturday,0.8530688158710477,0.6128525002620819,0.0,2,2,1
664,2023-07-04,13:09:00,East,Arterial,31.0,30.85,Rain,1,Green,1,Major,Good,Tuesday,0.1289522628642281,0.2185763706887514,0.0,1,0,2
667,2023-11-06,00:36:00,West,Arterial,45.0,43.93,Fog,3,Red,1,Minor,Poor,Monday,0.1983880967141971,0.3556976622287451,0.2222222222222222,4,0,0
671,2023-08-29,18:46:00,East,Crossroad,53.0,32.02,Fog,2,Red,1,Fatal,Fair,Tuesday,0.2380657160570365,0.2308418073173289,0.1111111111111111,1,1,2
684,2023-06-29,07:46:00,East,Residential,49.0,24.53,Rain,10,Green,1,Fatal,Good,Thursday,0.2182269063856168,0.1523220463360939,1.0,1,3,2
688,2023-02-01,12:24:00,East,Highway,179.0,62.33,Fog,4,Red,1,Minor,Good,Wednesday,0.8629882207067575,0.548589998951672,0.3333333333333333,1,2,2
705,2023-10-25,01:08:00,North,Crossroad,43.0,29.99,Rain,2,Green,1,Minor,Fair,Wednesday,0.1884686918784872,0.2095607506027885,0.1111111111111111,2,1,0
710,2023-04-10,03:50:00,South,Crossroad,80.0,36.06,Snow,1,Green,1,Major,Good,Monday,0.3719776813391196,0.273194255163015,0.0,3,1,0
723,2023-02-16,00:30:00,East,Arterial,57.0,26.79,Snow,10,Yellow,1,Major,Poor,Thursday,0.2579045257284563,0.1760142572596708,1.0,1,0,2
736,2023-06-06,05:50:00,East,Arterial,73.0,27.12,Snow,1,Red,1,Major,Fair,Tuesday,0.3372597644141351,0.1794737393856798,0.0,1,0,2
746,2023-01-29,21:23:00,West,Arterial,38.0,52.47,Snow,6,Red,1,Major,Fair,Sunday,0.1636701797892126,0.4452248663381906,0.5555555555555556,4,0,0
748,2023-05-28,05:51:00,West,Crossroad,80.0,48.05,Rain,2,Yellow,1,Major,Poor,Sunday,0.3719776813391196,0.3988887724080092,0.1111111111111111,4,1,0
755,2023-03-03,11:32:00,Central,Highway,151.0,75.82,Fog,1,Green,1,Major,Poor,Friday,0.7241165530068195,0.6900094349512527,0.0,0,2,2
756,2023-12-21,04:22:00,South,Highway,127.0,62.45,Fog,3,Red,1,Major,Fair,Thursday,0.6050836949783013,0.5498479924520391,0.2222222222222222,3,2,1
763,2023-06-07,04:13:00,South,Highway,142.0,72.71,Snow,2,Yellow,1,Major,Good,Wednesday,0.6794792312461252,0.6574064367334101,0.1111111111111111,3,2,1
764,2023-08-09,01:12:00,North,Highway,187.0,95.43,Clear,5,Red,1,Major,Good,Wednesday,0.9026658400495968,0.8955865394695461,0.4444444444444445,2,2,1
784,2023-12-04,17:43:00,Central,Crossroad,51.0,36.13,Snow,9,Yellow,1,Major,Good,Monday,0.2281463112213267,0.2739280847048957,0.8888888888888888,0,1,2
788,2023-12-19,02:55:00,East,Highway,159.0,63.71,Fog,3,Green,1,Fatal,Good,Tuesday,0.763794172349659,0.5630569242058916,0.2222222222222222,1,2,2
789,2023-08-05,18:32:00,West,Residential,17.0,51.65,Clear,10,Yellow,1,Major,Fair,Saturday,0.0595164290142591,0.4366285774190166,1.0,4,3,1
813,2023-11-25,04:00:00,West,Arterial,87.0,40.64,Fog,1,Red,1,Minor,Poor,Saturday,0.4066955982641041,0.3212076737603522,0.0,4,0,0
820,2023-11-04,06:52:00,East,Arterial,91.0,23.46,Snow,3,Green,1,Major,Fair,Saturday,0.4265344079355238,0.1411049376244889,0.2222222222222222,1,0,2
822,2023-06-15,22:25:00,South,Crossroad,48.0,35.62,Snow,5,Yellow,1,Fatal,Poor,Thursday,0.2132672039677619,0.2685816123283362,0.4444444444444445,3,1,0
823,2023-01-31,01:21:00,South,Crossroad,28.0,35.43,Fog,1,Yellow,1,Fatal,Poor,Tuesday,0.1140731556106633,0.2665897892860887,0.0,3,1,0
832,2023-04-03,13:58:00,North,Arterial,7.0,27.14,Snow,6,Yellow,1,Fatal,Good,Monday,0.0099194048357098,0.1796834049690743,0.5555555555555556,2,0,0
839,2023-09-08,14:56:00,West,Crossroad,74.0,44.17,Fog,4,Yellow,1,Major,Poor,Friday,0.34221946683199,0.358213649229479,0.3333333333333333,4,1,0
847,2023-11-06,08:55:00,North,Crossroad,67.0,26.54,Clear,2,Green,1,Fatal,Fair,Monday,0.3075015499070055,0.1733934374672397,0.1111111111111111,2,1,0
851,2023-11-17,17:12:00,North,Residential,57.0,35.91,Snow,7,Green,1,Minor,Fair,Friday,0.2579045257284563,0.2716217632875563,0.6666666666666665,2,3,1
860,2023-02-14,21:30:00,South,Arterial,64.0,28.52,Rain,8,Green,1,Major,Poor,Tuesday,0.2926224426534408,0.1941503302232938,0.7777777777777777,3,0,0
862,2023-03-31,16:02:00,North,Residential,64.0,36.92,Snow,4,Green,1,Minor,Poor,Friday,0.2926224426534408,0.2822098752489779,0.3333333333333333,2,3,1
873,2023-11-16,19:41:00,West,Residential,31.0,33.91,Snow,2,Green,1,Major,Fair,Thursday,0.1289522628642281,0.2506552049481077,0.1111111111111111,4,3,1
879,2023-09-24,23:15:00,North,Residential,47.0,39.62,Rain,2,Red,1,Major,Fair,Sunday,0.208307501549907,0.3105147290072334,0.1111111111111111,2,3,1
880,2023-07-30,02:05:00,North,Crossroad,82.0,42.52,Rain,8,Red,1,Fatal,Good,Sunday,0.3818970861748295,0.3409162385994339,0.7777777777777777,2,1,0
885,2023-09-25,04:07:00,East,Residential,52.0,36.41,Fog,4,Red,1,Minor,Fair,Monday,0.2331060136391816,0.2768634028724184,0.3333333333333333,1,3,2
886,2023-03-14,18:26:00,North,Residential,50.0,45.56,Fog,4,Green,1,Fatal,Good,Tuesday,0.2231866088034718,0.3727854072753958,0.3333333333333333,2,3,1
909,2023-06-30,12:52:00,Central,Residential,6.0,26.25,Snow,1,Green,1,Major,Poor,Friday,0.0049597024178549,0.1703532865080197,0.0,0,3,2
922,2023-02-13,01:58:00,North,Crossroad,39.0,32.74,Fog,2,Yellow,1,Major,Good,Monday,0.1686298822070675,0.2383897683195303,0.1111111111111111,2,1,0
924,2023-07-15,12:06:00,Central,Crossroad,75.0,25.07,Rain,10,Yellow,1,Major,Poor,Saturday,0.347179169249845,0.157983017087745,1.0,0,1,2
934,2023-06-19,23:24:00,South,Crossroad,70.0,41.01,Rain,1,Green,1,Minor,Fair,Monday,0.3223806571605703,0.3250864870531502,0.0,3,1,0
935,2023-10-12,03:09:00,East,Crossroad,28.0,28.71,Rain,6,Yellow,1,Minor,Poor,Thursday,0.1140731556106633,0.1961421532655414,0.5555555555555556,1,1,2
942,2023-09-18,18:56:00,West,Arterial,25.0,34.08,Clear,10,Red,1,Fatal,Poor,Monday,0.0991940483570985,0.2524373624069608,1.0,4,0,0
948,2023-08-19,14:27:00,West,Residential,48.0,29.04,Snow,7,Red,1,Major,Fair,Saturday,0.2132672039677619,0.1996016353915504,0.6666666666666665,4,3,1
966,2023-07-24,19:51:00,South,Residential,25.0,35.97,Snow,10,Red,1,Minor,Fair,Monday,0.0991940483570985,0.2722507600377398,1.0,3,3,1
968,2023-04-02,19:46:00,West,Crossroad,102.0,19.98,Snow,10,Yellow,1,Fatal,Good,Sunday,0.4810911345319281,0.1046231261138484,1.0,4,1,0
1006,2023-06-26,04:17:00,South,Crossroad,17.0,25.9,Fog,4,Green,1,Minor,Good,Monday,0.0595164290142591,0.1666841387986162,0.3333333333333333,3,1,0
1032,2023-07-20,12:04:00,Central,Residential,57.0,31.17,Fog,4,Yellow,1,Major,Good,Thursday,0.2579045257284563,0.2219310200230632,0.3333333333333333,0,3,2
1056,2023-12-14,17:35:00,Central,Crossroad,39.0,30.7,Snow,5,Yellow,1,Fatal,Good,Thursday,0.1686298822070675,0.2170038788132928,0.4444444444444445,0,1,2
1057,2024-01-01,04:42:00,South,Arterial,50.0,23.98,Snow,5,Yellow,1,Fatal,Poor,Monday,0.2231866088034718,0.1465562427927456,0.4444444444444445,3,0,0
1060,2023-06-10,02:40:00,North,Highway,98.0,62.47,Rain,10,Green,1,Fatal,Good,Saturday,0.4612523248605084,0.5500576580354335,1.0,2,2,1
1069,2023-02-21,13:31:00,South,Highway,152.0,76.39,Rain,8,Red,1,Fatal,Good,Tuesday,0.7290762554246745,0.6959849040779956,0.7777777777777777,3,2,1
1071,2023-05-18,03:28:00,West,Arterial,53.0,32.41,Rain,7,Red,1,Fatal,Poor,Thursday,0.2380657160570365,0.2349302861935213,0.6666666666666665,4,0,0
1086,2023-10-29,16:38:00,East,Arterial,69.0,31.39,Fog,4,Green,1,Minor,Poor,Sunday,0.3174209547427154,0.2242373414404025,0.3333333333333333,1,0,2
1105,2023-11-04,00:50:00,North,Highway,143.0,63.99,Fog,2,Yellow,1,Fatal,Good,Saturday,0.6844389336639801,0.5659922423734144,0.1111111111111111,2,2,1
1129,2023-03-26,01:51:00,East,Crossroad,67.0,28.63,Rain,2,Red,1,Fatal,Good,Sunday,0.3075015499070055,0.1953034909319634,0.1111111111111111,1,1,2
1130,2023-06-21,00:15:00,East,Arterial,5.0,41.99,Clear,10,Green,1,Major,Good,Wednesday,0.0,0.3353601006394801,1.0,1,0,2
1149,2023-04-20,01:13:00,North,Crossroad,58.0,43.21,Fog,2,Red,1,Minor,Poor,Thursday,0.2628642281463112,0.3481497012265436,0.1111111111111111,2,1,0
1153,2023-10-15,19:12:00,North,Arterial,89.0,56.88,Fog,3,Yellow,1,Major,Poor,Sunday,0.416615003099814,0.4914561274766748,0.2222222222222222,2,0,0
1164,2023-12-04,08:19:00,West,Arterial,28.0,36.13,Clear,1,Red,1,Major,Good,Monday,0.1140731556106633,0.2739280847048957,0.0,4,0,0
1168,2023-11-20,18:50:00,West,Residential,67.0,36.6,Rain,2,Red,1,Major,Good,Monday,0.3075015499070055,0.2788552259146661,0.1111111111111111,4,3,1
1172,2023-03-15,20:01:00,Central,Highway,159.0,74.74,Clear,2,Red,1,Major,Poor,Wednesday,0.763794172349659,0.6786874934479504,0.1111111111111111,0,2,2
1175,2023-11-21,14:51:00,South,Arterial,63.0,28.86,Fog,1,Green,1,Major,Good,Tuesday,0.2876627402355858,0.197714645141,0.0,3,0,0
1189,2023-03-29,19:20:00,Central,Crossroad,42.0,21.39,Rain,5,Yellow,1,Fatal,Good,Wednesday,0.1835089894606323,0.1194045497431596,0.4444444444444445,0,1,2
1196,2023-06-18,22:39:00,West,Residential,13.0,24.56,Rain,8,Green,1,Major,Poor,Sunday,0.0396776193428394,0.1526365447111856,0.7777777777777777,4,3,1
1203,2023-04-07,02:17:00,West,Arterial,83.0,42.72,Fog,1,Yellow,1,Minor,Poor,Friday,0.3868567885926844,0.3430128944333787,0.0,4,0,0
1223,2023-03-17,14:43:00,South,Residential,39.0,34.11,Rain,5,Red,1,Major,Fair,Friday,0.1686298822070675,0.2527518607820526,0.4444444444444445,3,3,1
1224,2023-01-08,14:02:00,South,Residential,55.0,37.66,Clear,5,Green,1,Major,Fair,Sunday,0.2479851208927464,0.2899675018345738,0.4444444444444445,3,3,1
1229,2023-06-04,09:05:00,East,Crossroad,38.0,33.92,Rain,2,Red,1,Major,Fair,Sunday,0.1636701797892126,0.250760037739805,0.1111111111111111,1,1,2
1262,2023-01-19,11:04:00,West,Highway,157.0,61.49,Snow,1,Green,1,Major,Fair,Thursday,0.7538747675139491,0.5397840444491037,0.0,4,2,1
1267,2023-04-27,13:47:00,Central,Highway,161.0,70.81,Clear,1,Yellow,1,Minor,Good,Thursday,0.7737135771853688,0.6374882063109341,0.0,0,2,2
1271,2023-05-30,20:15:00,Central,Residential,35.0,21.93,Fog,1,Yellow,1,Major,Poor,Tuesday,0.1487910725356478,0.1250655204948108,0.0,0,3,2
1281,2023-01-20,19:17:00,East,Residential,29.0,32.69,Fog,1,Yellow,1,Fatal,Poor,Friday,0.1190328580285182,0.2378656043610441,0.0,1,3,2
1282,2023-12-05,10:53:00,East,Arterial,31.0,34.04,Snow,8,Red,1,Minor,Good,Tuesday,0.1289522628642281,0.2520180312401719,0.7777777777777777,1,0,2
1288,2023-02-27,16:04:00,South,Arterial,102.0,23.1,Fog,4,Yellow,1,Major,Fair,Monday,0.4810911345319281,0.1373309571233882,0.3333333333333333,3,0,0
1290,2023-05-31,19:01:00,South,Residential,55.0,57.59,Clear,10,Red,1,Fatal,Good,Wednesday,0.2479851208927464,0.4988992556871789,1.0,3,3,1
1299,2023-08-03,08:48:00,Central,Crossroad,37.0,42.11,Clear,7,Green,1,Minor,Good,Thursday,0.1587104773713577,0.3366180941398469,0.6666666666666665,0,1,2
1330,2023-09-06,01:10:00,East,Residential,53.0,45.53,Clear,4,Green,1,Fatal,Poor,Wednesday,0.2380657160570365,0.372470908900304,0.3333333333333333,1,3,2
1337,2023-08-17,11:30:00,Central,Highway,155.0,59.69,Fog,1,Red,1,Minor,Good,Thursday,0.7439553626782393,0.5209141419436,0.0,0,2,2
1353,2023-11-12,21:58:00,West,Arterial,54.0,40.36,Rain,4,Green,1,Fatal,Good,Sunday,0.2430254184748915,0.3182723555928294,0.3333333333333333,4,0,0
1367,2023-12-09,01:04:00,South,Arterial,61.0,24.96,Fog,4,Green,1,Fatal,Good,Saturday,0.277743335399876,0.1568298563790753,0.3333333333333333,3,0,0
1375,2023-12-26,13:22:00,East,Arterial,57.0,30.36,Fog,3,Yellow,1,Minor,Poor,Tuesday,0.2579045257284563,0.2134395638955865,0.2222222222222222,1,0,2
1385,2023-04-13,05:19:00,East,Highway,139.0,62.43,Rain,7,Green,1,Minor,Good,Thursday,0.6646001239925604,0.5496383268686446,0.6666666666666665,1,2,2
1396,2023-10-01,11:07:00,South,Crossroad,61.0,27.54,Snow,3,Yellow,1,Fatal,Good,Sunday,0.277743335399876,0.183876716636964,0.2222222222222222,3,1,0
1397,2023-10-30,08:12:00,Central,Crossroad,41.0,24.59,Snow,5,Green,1,Major,Fair,Monday,0.1785492870427774,0.1529510430862773,0.4444444444444445,0,1,2
1402,2023-12-19,19:15:00,Central,Crossroad,56.0,29.96,Clear,6,Green,1,Fatal,Fair,Tuesday,0.2529448233106013,0.2092462522276968,0.5555555555555556,0,1,2
1444,2023-11-21,02:12:00,West,Highway,139.0,75.11,Snow,4,Green,1,Fatal,Fair,Tuesday,0.6646001239925604,0.6825663067407485,0.3333333333333333,4,2,1
1448,2023-05-08,10:17:00,Central,Residential,60.0,63.41,Snow,8,Green,1,Fatal,Good,Monday,0.2727836329820211,0.5599119404549743,0.7777777777777777,0,3,2
1464,2023-04-27,14:23:00,East,Arterial,47.0,33.72,Fog,1,Red,1,Fatal,Poor,Thursday,0.208307501549907,0.2486633819058601,0.0,1,0,2
1476,2023-07-14,18:52:00,North,Highway,174.0,70.22,Rain,9,Yellow,1,Minor,Poor,Friday,0.8381897086174829,0.6313030716007967,0.8888888888888888,2,2,1
1480,2023-12-26,02:41:00,West,Crossroad,72.0,28.94,Clear,6,Red,1,Minor,Poor,Tuesday,0.3323000619962802,0.198553307474578,0.5555555555555556,4,1,0
1481,2023-04-01,18:00:00,South,Arterial,33.0,27.13,Rain,1,Yellow,1,Minor,Fair,Saturday,0.138871667699938,0.179578572177377,0.0,3,0,0
1486,2023-03-28,05:06:00,North,Residential,11.0,31.45,Rain,2,Green,1,Major,Fair,Tuesday,0.0297582145071295,0.224866338190586,0.1111111111111111,2,3,1
1498,2023-06-27,09:28:00,West,Highway,130.0,64.62,Rain,4,Red,1,Fatal,Poor,Tuesday,0.6199628022318661,0.5725967082503408,0.3333333333333333,4,2,1
1502,2023-09-25,13:57:00,West,Crossroad,41.0,47.1,Fog,3,Green,1,Major,Poor,Monday,0.1785492870427774,0.3889296571967711,0.2222222222222222,4,1,0
1516,2023-07-21,22:47:00,North,Residential,5.0,26.73,Snow,9,Red,1,Major,Poor,Friday,0.0,0.1753852605094873,0.8888888888888888,2,3,1
1524,2023-09-17,22:41:00,Central,Residential,73.0,29.31,Rain,2,Red,1,Minor,Poor,Sunday,0.3372597644141351,0.202432120767376,0.1111111111111111,0,3,2
1540,2023-06-19,02:06:00,West,Crossroad,54.0,30.01,Snow,8,Red,1,Major,Poor,Monday,0.2430254184748915,0.209770416186183,0.7777777777777777,4,1,0
1542,2023-07-25,06:14:00,East,Highway,110.0,55.06,Fog,3,Red,1,Fatal,Good,Tuesday,0.5207687538747675,0.4723765593877765,0.2222222222222222,1,2,2
1543,2023-02-01,17:03:00,East,Highway,146.0,66.48,Rain,1,Green,1,Major,Poor,Wednesday,0.6993180409175449,0.592095607506028,0.0,1,2,2
1548,2023-11-10,10:29:00,Central,Crossroad,32.0,42.24,Snow,9,Green,1,Minor,Poor,Friday,0.133911965282083,0.3379809204319111,0.8888888888888888,0,1,2
1552,2023-04-12,09:40:00,West,Crossroad,82.0,40.56,Snow,8,Red,1,Minor,Good,Wednesday,0.3818970861748295,0.3203690114267743,0.7777777777777777,4,1,0
1554,2023-01-22,06:05:00,East,Arterial,24.0,36.58,Fog,1,Yellow,1,Major,Good,Sunday,0.0942343459392436,0.2786455603312716,0.0,1,0,2
1561,2023-04-08,15:16:00,Central,Highway,140.0,59.1,Snow,8,Green,1,Fatal,Poor,Saturday,0.6695598264104153,0.5147290072334626,0.7777777777777777,0,2,2
1563,2023-03-27,23:16:00,West,Residential,47.0,37.92,Fog,3,Red,1,Minor,Poor,Monday,0.208307501549907,0.2926931544187022,0.2222222222222222,4,3,1
1576,2023-07-18,08:56:00,South,Residential,66.0,36.31,Clear,3,Red,1,Major,Fair,Tuesday,0.3025418474891506,0.2758150749554461,0.2222222222222222,3,3,1
1601,2023-06-24,19:04:00,South,Crossroad,53.0,35.4,Fog,1,Yellow,1,Minor,Good,Saturday,0.2380657160570365,0.2662752909109969,0.0,3,1,0
1642,2023-02-11,18:56:00,East,Arterial,6.0,39.01,Snow,9,Green,1,Fatal,Good,Saturday,0.0049597024178549,0.3041199287137016,0.8888888888888888,1,0,2
1644,2023-04-11,10:57:00,East,Crossroad,43.0,37.88,Clear,8,Yellow,1,Fatal,Fair,Tuesday,0.1884686918784872,0.2922738232519132,0.7777777777777777,1,1,2
1647,2023-11-28,20:14:00,Central,Residential,75.0,34.7,Rain,5,Yellow,1,Minor,Good,Tuesday,0.347179169249845,0.2589369954921899,0.4444444444444445,0,3,2
1651,2023-03-23,03:03:00,East,Arterial,56.0,24.5,Rain,6,Red,1,Major,Poor,Thursday,0.2529448233106013,0.1520075479610022,0.5555555555555556,1,0,2
1654,2023-08-22,18:44:00,Central,Residential,60.0,34.89,Fog,4,Green,1,Fatal,Poor,Tuesday,0.2727836329820211,0.2609288185344375,0.3333333333333333,0,3,2
1663,2023-11-17,04:38:00,East,Arterial,72.0,35.8,Rain,7,Green,1,Major,Poor,Friday,0.3323000619962802,0.2704686025788866,0.6666666666666665,1,0,2
1669,2023-04-08,00:01:00,North,Residential,22.0,38.51,Clear,2,Green,1,Major,Good,Saturday,0.0843149411035337,0.2988782891288394,0.1111111111111111,2,3,1
1675,2023-08-29,01:20:00,East,Crossroad,63.0,30.9,Rain,2,Yellow,1,Minor,Fair,Tuesday,0.2876627402355858,0.2191005346472376,0.1111111111111111,1,1,2
1686,2023-03-01,17:02:00,South,Arterial,48.0,22.44,Rain,7,Red,1,Minor,Good,Wednesday,0.2132672039677619,0.1304119928713701,0.6666666666666665,3,0,0
1690,2023-02-07,18:10:00,South,Crossroad,60.0,26.17,Fog,4,Green,1,Major,Fair,Tuesday,0.2727836329820211,0.1695146241744418,0.3333333333333333,3,1,0
1707,2023-02-19,23:43:00,West,Arterial,89.0,31.68,Clear,1,Yellow,1,Major,Poor,Sunday,0.416615003099814,0.2272774923996225,0.0,4,0,0
1721,2023-04-11,01:24:00,East,Highway,152.0,59.09,Rain,3,Green,1,Fatal,Poor,Tuesday,0.7290762554246745,0.5146241744417654,0.2222222222222222,1,2,2
1724,2023-11-14,01:36:00,South,Residential,47.0,25.56,Snow,4,Red,1,Minor,Good,Tuesday,0.208307501549907,0.1631198238809099,0.3333333333333333,3,3,1
1731,2023-10-23,22:53:00,West,Residential,83.0,47.18,Snow,8,Green,1,Minor,Poor,Monday,0.3868567885926844,0.389768319530349,0.7777777777777777,4,3,1
1737,2023-12-01,13:04:00,Central,Residential,51.0,23.52,Fog,4,Yellow,1,Major,Poor,Friday,0.2281463112213267,0.1417339343746724,0.3333333333333333,0,3,2
1745,2023-05-16,23:30:00,North,Arterial,31.0,19.22,Snow,8,Green,1,Fatal,Poor,Tuesday,0.1289522628642281,0.0966558339448579,0.7777777777777777,2,0,0
1755,2023-08-08,15:57:00,North,Arterial,60.0,34.66,Clear,3,Green,1,Major,Fair,Tuesday,0.2727836329820211,0.2585176643254009,0.2222222222222222,2,0,0
1759,2023-05-14,05:41:00,Central,Highway,134.0,67.4,Snow,5,Yellow,1,Major,Good,Sunday,0.6398016119032858,0.6017402243421743,0.4444444444444445,0,2,2
1771,2023-01-21,14:46:00,Central,Residential,56.0,43.61,Snow,6,Green,1,Fatal,Fair,Saturday,0.2529448233106013,0.3523430128944333,0.5555555555555556,0,3,2
1789,2023-10-15,03:37:00,South,Crossroad,33.0,26.89,Snow,6,Yellow,1,Minor,Poor,Sunday,0.138871667699938,0.1770625851766432,0.5555555555555556,3,1,0
1794,2023-06-20,10:56:00,North,Arterial,36.0,24.65,Rain,4,Yellow,1,Major,Good,Tuesday,0.1537507749535027,0.1535800398364608,0.3333333333333333,2,0,0
1808,2023-12-07,21:15:00,West,Crossroad,63.0,37.88,Fog,3,Red,1,Major,Good,Thursday,0.2876627402355858,0.2922738232519132,0.2222222222222222,4,1,0
1826,2023-04-28,18:17:00,North,Crossroad,58.0,36.41,Fog,2,Red,1,Minor,Fair,Friday,0.2628642281463112,0.2768634028724184,0.1111111111111111,2,1,0
1839,2023-04-23,22:40:00,North,Arterial,51.0,30.8,Snow,9,Green,1,Major,Fair,Sunday,0.2281463112213267,0.2180522067302652,0.8888888888888888,2,0,0
1841,2023-12-20,00:55:00,North,Highway,127.0,60.85,Fog,1,Green,1,Minor,Poor,Wednesday,0.6050836949783013,0.5330747457804802,0.0,2,2,1
1842,2023-09-04,03:28:00,Central,Residential,53.0,52.29,Clear,10,Yellow,1,Minor,Poor,Monday,0.2380657160570365,0.4433378760876402,1.0,0,3,2
1844,2023-03-17,19:42:00,Central,Crossroad,99.0,34.12,Fog,1,Red,1,Major,Poor,Friday,0.4662120272783633,0.2528566935737498,0.0,0,1,2
1886,2023-11-17,13:49:00,Central,Crossroad,70.0,28.02,Fog,4,Yellow,1,Fatal,Poor,Friday,0.3223806571605703,0.1889086906384317,0.3333333333333333,0,1,2
1899,2023-01-01,00:42:00,Central,Crossroad,46.0,33.7,Snow,1,Red,1,Major,Good,Sunday,0.203347799132052,0.2484537163224657,0.0,0,1,2
1906,2023-01-25,05:36:00,Central,Highway,130.0,67.36,Fog,3,Green,1,Minor,Fair,Wednesday,0.6199628022318661,0.6013208931753853,0.2222222222222222,0,2,2
1936,2023-07-20,07:55:00,South,Highway,122.0,65.26,Fog,3,Red,1,Fatal,Good,Thursday,0.5802851828890266,0.5793060069189643,0.2222222222222222,3,2,1
1938,2023-03-29,12:37:00,South,Arterial,35.0,41.54,Fog,3,Yellow,1,Fatal,Poor,Wednesday,0.1487910725356478,0.3306426250131041,0.2222222222222222,3,0,0
1952,2023-03-02,02:51:00,West,Residential,83.0,30.57,Clear,1,Green,1,Major,Good,Thursday,0.3868567885926844,0.2156410525212286,0.0,4,3,1
1971,2023-01-11,18:21:00,East,Residential,57.0,41.84,Snow,2,Yellow,1,Major,Poor,Wednesday,0.2579045257284563,0.3337876087640214,0.1111111111111111,1,3,2
1972,2023-11-06,18:28:00,North,Arterial,38.0,12.88,Rain,3,Red,1,Minor,Good,Monday,0.1636701797892126,0.0301918440088059,0.2222222222222222,2,0,0
1983,2023-03-01,06:10:00,North,Crossroad,37.0,34.9,Snow,3,Red,1,Fatal,Poor,Wednesday,0.1587104773713577,0.2610336513261348,0.2222222222222222,2,1,0
1984,2023-12-11,02:07:00,North,Crossroad,56.0,16.88,Snow,3,Green,1,Fatal,Good,Monday,0.2529448233106013,0.0721249606877031,0.2222222222222222,2,1,0
1985,2023-01-17,14:08:00,East,Crossroad,90.0,42.33,Rain,4,Green,1,Fatal,Poor,Tuesday,0.4215747055176689,0.3389244155571863,0.3333333333333333,1,1,2
1987,2023-12-07,09:49:00,Central,Highway,156.0,64.69,Rain,2,Red,1,Minor,Good,Thursday,0.7489150650960942,0.5733305377922214,0.1111111111111111,0,2,2
2006,2023-09-29,08:31:00,East,Arterial,50.0,20.76,Snow,4,Green,1,Fatal,Good,Friday,0.2231866088034718,0.1128000838662333,0.3333333333333333,1,0,2
2018,2023-08-12,05:13:00,Central,Residential,33.0,49.57,Clear,1,Yellow,1,Major,Fair,Saturday,0.138871667699938,0.4148233567459901,0.0,0,3,2
2025,2023-04-30,18:28:00,Central,Residential,47.0,35.15,Snow,3,Green,1,Minor,Poor,Sunday,0.208307501549907,0.2636544711185659,0.2222222222222222,0,3,2
2061,2023-08-31,09:25:00,South,Residential,37.0,38.63,Clear,2,Red,1,Major,Good,Thursday,0.1587104773713577,0.3001362826292064,0.1111111111111111,3,3,1
2062,2023-12-30,03:05:00,East,Residential,69.0,33.66,Snow,9,Green,1,Major,Good,Saturday,0.3174209547427154,0.2480343851556766,0.8888888888888888,1,3,2
2065,2023-03-26,20:51:00,West,Highway,135.0,77.25,Rain,3,Yellow,1,Fatal,Good,Sunday,0.6447613143211407,0.7050005241639585,0.2222222222222222,4,2,1
2068,2023-03-07,03:42:00,Central,Arterial,47.0,28.89,Fog,3,Red,1,Fatal,Fair,Tuesday,0.208307501549907,0.1980291435160918,0.2222222222222222,0,0,2
2074,2023-02-04,19:50:00,West,Arterial,57.0,39.05,Clear,4,Red,1,Fatal,Fair,Saturday,0.2579045257284563,0.3045392598804906,0.3333333333333333,4,0,0
2082,2023-03-10,15:06:00,East,Crossroad,44.0,17.31,Rain,4,Red,1,Minor,Fair,Friday,0.1934283942963422,0.0766327707306845,0.3333333333333333,1,1,2
2084,2023-11-29,07:37:00,West,Arterial,44.0,30.03,Rain,2,Green,1,Minor,Poor,Wednesday,0.1934283942963422,0.2099800817695775,0.1111111111111111,4,0,0
2088,2023-08-11,12:07:00,North,Highway,146.0,67.93,Snow,2,Yellow,1,Minor,Fair,Friday,0.6993180409175449,0.6072963623021281,0.1111111111111111,2,2,1
2096,2023-02-21,12:39:00,Central,Residential,57.0,34.11,Snow,10,Green,1,Fatal,Poor,Tuesday,0.2579045257284563,0.2527518607820526,1.0,0,3,2
2116,2023-04-27,14:03:00,Central,Arterial,18.0,42.84,Rain,8,Green,1,Major,Good,Thursday,0.064476131432114,0.3442708879337457,0.7777777777777777,0,0,2
2120,2023-08-30,03:26:00,North,Arterial,79.0,31.37,Snow,9,Green,1,Fatal,Fair,Wednesday,0.3670179789212647,0.224027675857008,0.8888888888888888,2,0,0
2133,2023-06-10,18:22:00,North,Highway,148.0,67.95,Rain,1,Red,1,Minor,Poor,Saturday,0.7092374457532548,0.6075060278855227,0.0,2,2,1
2134,2023-06-22,06:55:00,South,Residential,55.0,16.04,Fog,3,Red,1,Major,Poor,Thursday,0.2479851208927464,0.0633190061851347,0.2222222222222222,3,3,1
2135,2023-01-23,15:06:00,West,Arterial,27.0,39.44,Rain,9,Red,1,Major,Poor,Monday,0.1091134531928084,0.3086277387566831,0.8888888888888888,4,0,0
2136,2023-12-29,23:37:00,East,Highway,147.0,59.81,Rain,1,Yellow,1,Major,Good,Friday,0.7042777433353998,0.5221721354439669,0.0,1,2,2
2145,2023-01-11,00:25:00,West,Crossroad,80.0,36.84,Snow,6,Green,1,Minor,Fair,Wednesday,0.3719776813391196,0.2813712129153999,0.5555555555555556,4,1,0
2148,2023-12-05,18:44:00,South,Arterial,74.0,19.78,Rain,2,Red,1,Fatal,Fair,Tuesday,0.34221946683199,0.1025264702799035,0.1111111111111111,3,0,0
2154,2023-02-09,08:29:00,West,Highway,137.0,69.86,Rain,2,Green,1,Major,Fair,Thursday,0.6546807191568506,0.627529091099696,0.1111111111111111,4,2,1
2155,2023-03-24,07:45:00,Central,Highway,146.0,60.28,Rain,3,Green,1,Fatal,Fair,Friday,0.6993180409175449,0.5270992766537373,0.2222222222222222,0,2,2
2161,2023-06-09,01:42:00,North,Arterial,49.0,31.14,Rain,3,Yellow,1,Minor,Fair,Friday,0.2182269063856168,0.2216165216479714,0.2222222222222222,2,0,0
2162,2023-10-10,06:39:00,East,Arterial,74.0,23.39,Rain,3,Green,1,Minor,Poor,Tuesday,0.34221946683199,0.1403711080826082,0.2222222222222222,1,0,2
2163,2023-05-23,08:31:00,East,Arterial,34.0,40.29,Rain,2,Yellow,1,Major,Poor,Tuesday,0.1438313701177929,0.3175385260509487,0.1111111111111111,1,0,2
2164,2023-10-23,19:45:00,South,Highway,138.0,71.2,Rain,1,Yellow,1,Fatal,Poor,Monday,0.6596404215747055,0.6415766851871265,0.0,3,2,1
2172,2023-10-05,08:04:00,Central,Crossroad,88.0,40.2,Snow,10,Green,1,Minor,Good,Thursday,0.411655300681959,0.3165950309256736,1.0,0,1,2
2174,2023-08-02,12:29:00,North,Crossroad,49.0,19.34,Rain,3,Yellow,1,Fatal,Fair,Wednesday,0.2182269063856168,0.0979138274452248,0.2222222222222222,2,1,0
2176,2023-08-09,12:12:00,East,Arterial,9.0,32.38,Rain,6,Yellow,1,Fatal,Fair,Wednesday,0.0198388096714197,0.2346157878184296,0.5555555555555556,1,0,2
2190,2023-07-10,18:24:00,West,Residential,55.0,25.79,Snow,4,Green,1,Major,Good,Monday,0.2479851208927464,0.1655309780899465,0.3333333333333333,4,3,1
2196,2023-07-05,21:17:00,South,Crossroad,60.0,38.56,Snow,8,Red,1,Major,Fair,Wednesday,0.2727836329820211,0.2994024530873257,0.7777777777777777,3,1,0
2200,2023-08-13,17:04:00,North,Residential,71.0,39.54,Fog,1,Yellow,1,Minor,Poor,Sunday,0.3273403595784253,0.3096760666736555,0.0,2,3,1
2210,2023-09-12,03:48:00,Central,Arterial,42.0,14.25,Rain,2,Red,1,Minor,Good,Tuesday,0.1835089894606323,0.0445539364713282,0.1111111111111111,0,0,2
2213,2023-05-15,04:09:00,South,Arterial,31.0,22.94,Rain,9,Green,1,Minor,Good,Monday,0.1289522628642281,0.1356536324562323,0.8888888888888888,3,0,0
2221,2023-03-31,20:42:00,North,Residential,22.0,42.23,Clear,5,Red,1,Fatal,Poor,Friday,0.0843149411035337,0.3378760876402138,0.4444444444444445,2,3,1
2225,2023-12-08,00:04:00,Central,Crossroad,59.0,54.97,Clear,2,Green,1,Minor,Poor,Friday,0.2678239305641661,0.4714330642625013,0.1111111111111111,0,1,2
2231,2023-04-07,00:32:00,Central,Residential,73.0,46.79,Rain,3,Green,1,Minor,Good,Friday,0.3372597644141351,0.3856798406541566,0.2222222222222222,0,3,2
2238,2023-02-26,20:36:00,East,Arterial,66.0,36.11,Snow,4,Green,1,Major,Fair,Sunday,0.3025418474891506,0.2737184191215012,0.3333333333333333,1,0,2
2244,2023-05-26,07:36:00,East,Crossroad,58.0,27.38,Fog,2,Green,1,Minor,Poor,Friday,0.2628642281463112,0.1821993919698081,0.1111111111111111,1,1,2
2265,2023-03-14,15:39:00,Central,Residential,48.0,27.59,Fog,1,Green,1,Fatal,Poor,Tuesday,0.2132672039677619,0.1844008805954502,0.0,0,3,2
2267,2023-09-07,05:15:00,North,Arterial,60.0,24.97,Fog,1,Yellow,1,Major,Good,Thursday,0.2727836329820211,0.1569346891707725,0.0,2,0,0
2289,2023-03-22,04:37:00,East,Highway,126.0,98.21,Clear,4,Red,1,Fatal,Fair,Wednesday,0.6001239925604464,0.9247300555613795,0.3333333333333333,1,2,2
2291,2023-03-20,20:26:00,South,Residential,54.0,24.12,Rain,7,Green,1,Fatal,Fair,Monday,0.2430254184748915,0.148023901876507,0.6666666666666665,3,3,1
2293,2023-10-03,01:02:00,East,Arterial,46.0,41.54,Rain,2,Green,1,Minor,Poor,Tuesday,0.203347799132052,0.3306426250131041,0.1111111111111111,1,0,2
2295,2023-10-03,04:55:00,West,Crossroad,40.0,23.36,Snow,1,Red,1,Fatal,Fair,Tuesday,0.1735895846249225,0.1400566097075165,0.0,4,1,0
2300,2023-08-12,04:11:00,North,Arterial,58.0,42.48,Rain,2,Green,1,Minor,Fair,Saturday,0.2628642281463112,0.3404969074326449,0.1111111111111111,2,0,0
2301,2023-11-10,08:34:00,South,Highway,145.0,71.5,Fog,1,Yellow,1,Fatal,Fair,Friday,0.69435833849969,0.6447216689380438,0.0,3,2,1
2303,2023-02-26,23:35:00,North,Highway,128.0,61.97,Rain,7,Red,1,Fatal,Fair,Sunday,0.6100433973961562,0.5448160184505714,0.6666666666666665,2,2,1
2333,2023-05-02,00:09:00,West,Residential,64.0,38.42,Clear,4,Green,1,Major,Good,Tuesday,0.2926224426534408,0.2979347940035643,0.3333333333333333,4,3,1
2337,2023-11-26,01:01:00,North,Arterial,59.0,23.56,Snow,2,Red,1,Major,Poor,Sunday,0.2678239305641661,0.1421532655414613,0.1111111111111111,2,0,0
2348,2023-03-29,05:37:00,East,Arterial,46.0,30.41,Fog,3,Green,1,Minor,Poor,Wednesday,0.203347799132052,0.2139637278540727,0.2222222222222222,1,0,2
2353,2023-05-29,19:13:00,North,Residential,61.0,30.97,Rain,9,Red,1,Minor,Poor,Monday,0.277743335399876,0.2198343641891183,0.8888888888888888,2,3,1
2359,2023-02-24,11:27:00,West,Arterial,97.0,41.47,Fog,4,Red,1,Major,Fair,Friday,0.4562926224426534,0.3299087954712233,0.3333333333333333,4,0,0
2378,2023-05-05,23:27:00,North,Highway,139.0,66.36,Fog,1,Yellow,1,Major,Good,Friday,0.6646001239925604,0.5908376140056609,0.0,2,2,1
2381,2023-09-18,23:38:00,West,Arterial,24.0,37.35,Rain,10,Red,1,Minor,Good,Monday,0.0942343459392436,0.2867176852919593,1.0,4,0,0
2385,2023-11-11,01:42:00,South,Arterial,70.0,38.37,Snow,8,Red,1,Minor,Good,Saturday,0.3223806571605703,0.297410630045078,0.7777777777777777,3,0,0
2387,2023-02-12,12:51:00,East,Residential,62.0,40.19,Clear,7,Yellow,1,Minor,Poor,Sunday,0.2827030378177309,0.3164901981339763,0.6666666666666665,1,3,2
2389,2023-05-16,01:23:00,North,Highway,149.0,73.62,Rain,9,Yellow,1,Major,Poor,Tuesday,0.7141971481711097,0.6669462207778594,0.8888888888888888,2,2,1
2398,2023-07-03,16:14:00,South,Arterial,46.0,21.89,Snow,8,Red,1,Major,Fair,Monday,0.203347799132052,0.1246461893280218,0.7777777777777777,3,0,0
2404,2023-11-26,02:03:00,Central,Crossroad,35.0,37.22,Fog,2,Green,1,Major,Poor,Sunday,0.1487910725356478,0.2853548589998951,0.1111111111111111,0,1,2
2409,2023-04-21,01:30:00,North,Arterial,76.0,25.0,Snow,3,Red,1,Minor,Poor,Friday,0.3521388716676999,0.1572491875458643,0.2222222222222222,2,0,0
2410,2023-01-18,01:38:00,East,Arterial,62.0,29.76,Snow,3,Red,1,Major,Poor,Wednesday,0.2827030378177309,0.2071495963937519,0.2222222222222222,1,0,2
2412,2023-01-16,01:06:00,West,Arterial,33.0,31.89,Rain,1,Red,1,Major,Poor,Monday,0.138871667699938,0.2294789810252647,0.0,4,0,0
2421,2023-04-26,04:30:00,West,Highway,133.0,64.61,Snow,9,Yellow,1,Fatal,Fair,Wednesday,0.6348419094854308,0.5724918754586434,0.8888888888888888,4,2,1
2427,2023-10-17,03:36:00,North,Crossroad,60.0,33.19,Fog,2,Yellow,1,Major,Poor,Tuesday,0.2727836329820211,0.2431072439459062,0.1111111111111111,2,1,0
2430,2023-03-02,07:36:00,Central,Crossroad,52.0,30.87,Fog,2,Red,1,Minor,Fair,Thursday,0.2331060136391816,0.2187860362721459,0.1111111111111111,0,1,2
2431,2023-03-28,02:10:00,South,Crossroad,40.0,25.39,Rain,6,Green,1,Minor,Fair,Tuesday,0.1735895846249225,0.1613376664220568,0.5555555555555556,3,1,0
2436,2023-06-22,09:34:00,North,Crossroad,111.0,42.88,Snow,4,Red,1,Minor,Fair,Thursday,0.5257284562926224,0.3446902191005346,0.3333333333333333,2,1,0
2449,2023-02-01,14:38:00,South,Arterial,16.0,28.8,Clear,7,Red,1,Minor,Fair,Wednesday,0.0545567265964042,0.1970856483908166,0.6666666666666665,3,0,0
2451,2023-03-31,06:57:00,South,Crossroad,42.0,29.82,Clear,3,Red,1,Major,Good,Friday,0.1835089894606323,0.2077785931439354,0.2222222222222222,3,1,0
2461,2023-09-05,09:09:00,South,Arterial,83.0,34.44,Fog,3,Red,1,Fatal,Good,Tuesday,0.3868567885926844,0.2562113429080616,0.2222222222222222,3,0,0
2463,2023-08-10,08:38:00,East,Arterial,58.0,27.99,Fog,2,Red,1,Major,Poor,Thursday,0.2628642281463112,0.1885941922633399,0.1111111111111111,1,0,2
2468,2023-02-21,01:11:00,North,Arterial,40.0,36.35,Fog,3,Red,1,Fatal,Good,Tuesday,0.1735895846249225,0.276234406122235,0.2222222222222222,2,0,0
2475,2023-05-13,03:37:00,East,Crossroad,42.0,35.48,Fog,1,Red,1,Major,Good,Saturday,0.1835089894606323,0.2671139532445749,0.0,1,1,2
2480,2023-07-16,08:30:00,West,Highway,148.0,68.02,Rain,4,Red,1,Major,Fair,Sunday,0.7092374457532548,0.6082398574274033,0.3333333333333333,4,2,1
2483,2023-03-11,06:56:00,West,Arterial,36.0,30.11,Rain,10,Green,1,Major,Fair,Saturday,0.1537507749535027,0.2108187441031554,1.0,4,0,0
2484,2023-11-05,21:48:00,West,Residential,31.0,40.95,Snow,8,Red,1,Major,Fair,Sunday,0.1289522628642281,0.3244574903029668,0.7777777777777777,4,3,1
2486,2023-03-14,02:20:00,North,Highway,180.0,63.35,Snow,7,Red,1,Major,Good,Tuesday,0.8679479231246124,0.5592829437047909,0.6666666666666665,2,2,1
2497,2023-11-24,01:48:00,Central,Crossroad,47.0,36.53,Rain,7,Green,1,Major,Poor,Friday,0.208307501549907,0.2781213963727854,0.6666666666666665,0,1,2
2498,2023-05-30,13:48:00,East,Residential,36.0,31.61,Snow,3,Red,1,Minor,Fair,Tuesday,0.1537507749535027,0.2265436628577419,0.2222222222222222,1,3,2
2513,2023-09-02,06:55:00,West,Arterial,95.0,22.12,Snow,3,Yellow,1,Minor,Good,Saturday,0.4463732176069435,0.1270573435370584,0.2222222222222222,4,0,0
2526,2023-03-02,12:14:00,East,Highway,164.0,66.81,Fog,1,Yellow,1,Major,Fair,Thursday,0.7885926844389336,0.595555089632037,0.0,1,2,2
2542,2023-02-08,22:14:00,North,Crossroad,51.0,23.45,Fog,4,Green,1,Major,Poor,Wednesday,0.2281463112213267,0.1410001048327916,0.3333333333333333,2,1,0
2545,2023-09-30,08:20:00,South,Residential,51.0,32.86,Clear,2,Green,1,Fatal,Good,Saturday,0.2281463112213267,0.2396477618198972,0.1111111111111111,3,3,1
2558,2023-05-09,05:41:00,North,Highway,147.0,68.15,Rain,5,Green,1,Fatal,Good,Tuesday,0.7042777433353998,0.6096026837194675,0.4444444444444445,2,2,1
2559,2023-10-21,05:38:00,North,Highway,183.0,59.28,Snow,8,Red,1,Major,Good,Saturday,0.8828270303781772,0.516615997484013,0.7777777777777777,2,2,1
2560,2023-07-24,00:16:00,East,Highway,118.0,70.53,Fog,2,Red,1,Major,Good,Monday,0.5604463732176069,0.6345528881434113,0.1111111111111111,1,2,2
2562,2023-07-09,06:34:00,Central,Arterial,44.0,31.44,Rain,8,Green,1,Fatal,Fair,Sunday,0.1934283942963422,0.2247615053988887,0.7777777777777777,0,0,2
2565,2023-01-29,15:27:00,South,Crossroad,52.0,32.78,Fog,3,Green,1,Fatal,Poor,Sunday,0.2331060136391816,0.2388090994863193,0.2222222222222222,3,1,0
2567,2023-12-04,04:54:00,South,Highway,157.0,67.63,Rain,2,Green,1,Fatal,Fair,Monday,0.7538747675139491,0.6041513785512108,0.1111111111111111,3,2,1
2572,2023-08-14,00:05:00,West,Arterial,70.0,28.74,Rain,3,Red,1,Minor,Poor,Monday,0.3223806571605703,0.1964566516406332,0.2222222222222222,4,0,0
2576,2023-01-22,08:44:00,West,Arterial,95.0,25.18,Rain,5,Yellow,1,Minor,Fair,Sunday,0.4463732176069435,0.1591361777964147,0.4444444444444445,4,0,0
2592,2023-11-23,10:54:00,North,Residential,45.0,34.94,Rain,8,Green,1,Fatal,Good,Thursday,0.1983880967141971,0.2614529824929237,0.7777777777777777,2,3,1
2610,2023-10-17,05:41:00,West,Residential,39.0,28.01,Clear,9,Green,1,Fatal,Fair,Tuesday,0.1686298822070675,0.1888038578467344,0.8888888888888888,4,3,1
2616,2023-11-02,00:37:00,North,Arterial,86.0,36.05,Rain,4,Red,1,Fatal,Fair,Thursday,0.4017358958462492,0.2730894223713177,0.3333333333333333,2,0,0
2617,2023-05-17,18:28:00,West,Highway,128.0,61.94,Rain,8,Yellow,1,Major,Fair,Wednesday,0.6100433973961562,0.5445015200754796,0.7777777777777777,4,2,1
2633,2023-03-02,00:13:00,Central,Crossroad,73.0,25.45,Fog,4,Green,1,Fatal,Poor,Thursday,0.3372597644141351,0.1619666631722403,0.3333333333333333,0,1,2
2635,2023-01-06,10:39:00,South,Highway,123.0,69.79,Rain,4,Green,1,Major,Fair,Friday,0.5852448853068816,0.6267952615578154,0.3333333333333333,3,2,1
2641,2023-07-27,03:00:00,North,Crossroad,37.0,37.27,Snow,3,Red,1,Major,Good,Thursday,0.1587104773713577,0.2858790229583814,0.2222222222222222,2,1,0
2643,2023-10-26,19:46:00,North,Arterial,82.0,35.33,Snow,8,Green,1,Major,Good,Thursday,0.3818970861748295,0.2655414613691162,0.7777777777777777,2,0,0
2644,2023-04-05,09:54:00,East,Residential,25.0,42.91,Snow,10,Red,1,Major,Poor,Wednesday,0.0991940483570985,0.3450047174756263,1.0,1,3,2
2651,2023-05-08,19:42:00,North,Crossroad,45.0,36.87,Clear,8,Yellow,1,Major,Fair,Monday,0.1983880967141971,0.2816857112904916,0.7777777777777777,2,1,0
2675,2023-03-10,14:22:00,West,Residential,10.0,32.27,Fog,2,Red,1,Major,Fair,Friday,0.0247985120892746,0.2334626271097599,0.1111111111111111,4,3,1
2678,2023-05-25,10:25:00,West,Arterial,39.0,39.16,Rain,6,Yellow,1,Major,Poor,Thursday,0.1686298822070675,0.3056924205891602,0.5555555555555556,4,0,0
2682,2023-02-02,11:32:00,East,Highway,151.0,70.72,Clear,1,Red,1,Minor,Good,Thursday,0.7241165530068195,0.6365447111856589,0.0,1,2,2
2683,2023-12-14,23:40:00,North,Crossroad,46.0,20.02,Snow,7,Green,1,Fatal,Fair,Thursday,0.203347799132052,0.1050424572806374,0.6666666666666665,2,1,0
2689,2023-11-18,21:35:00,West,Crossroad,101.0,17.51,Clear,8,Red,1,Minor,Poor,Saturday,0.4761314321140731,0.0787294265646294,0.7777777777777777,4,1,0
2704,2023-01-27,07:24:00,North,Residential,19.0,41.2,Fog,3,Green,1,Major,Poor,Friday,0.069435833849969,0.3270783100953979,0.2222222222222222,2,3,1
2726,2023-06-22,16:50:00,West,Arterial,41.0,32.89,Fog,3,Yellow,1,Major,Good,Thursday,0.1785492870427774,0.239962260194989,0.2222222222222222,4,0,0
2727,2023-06-30,08:20:00,North,Arterial,84.0,23.14,Rain,5,Red,1,Fatal,Fair,Friday,0.3918164910105393,0.1377502882901771,0.4444444444444445,2,0,0
2730,2023-05-06,13:12:00,North,Residential,29.0,30.37,Fog,4,Green,1,Minor,Good,Saturday,0.1190328580285182,0.2135443966872838,0.3333333333333333,2,3,1
2738,2023-03-13,10:33:00,East,Highway,146.0,77.09,Snow,3,Green,1,Minor,Fair,Monday,0.6993180409175449,0.7033231994968027,0.2222222222222222,1,2,2
2749,2023-10-21,01:02:00,West,Residential,47.0,26.79,Fog,4,Yellow,1,Fatal,Poor,Saturday,0.208307501549907,0.1760142572596708,0.3333333333333333,4,3,1
2755,2023-03-19,07:37:00,West,Highway,145.0,62.87,Rain,10,Green,1,Major,Poor,Sunday,0.69435833849969,0.5542509697033232,1.0,4,2,1
2760,2023-12-28,16:42:00,West,Residential,25.0,19.98,Snow,6,Green,1,Major,Good,Thursday,0.0991940483570985,0.1046231261138484,0.5555555555555556,4,3,1
2769,2023-11-18,08:22:00,West,Residential,28.0,29.17,Fog,3,Red,1,Minor,Fair,Saturday,0.1140731556106633,0.2009644616836146,0.2222222222222222,4,3,1
2775,2023-07-10,02:35:00,East,Residential,40.0,42.62,Rain,7,Yellow,1,Major,Fair,Monday,0.1735895846249225,0.3419645665164063,0.6666666666666665,1,3,2
2784,2023-08-20,14:07:00,Central,Crossroad,71.0,37.53,Snow,2,Red,1,Major,Fair,Sunday,0.3273403595784253,0.2886046755425097,0.1111111111111111,0,1,2
2792,2023-09-06,21:28:00,West,Residential,82.0,43.91,Clear,1,Red,1,Fatal,Poor,Wednesday,0.3818970861748295,0.3554879966453506,0.0,4,3,1
2796,2023-05-22,12:46:00,North,Residential,38.0,29.97,Snow,4,Red,1,Minor,Poor,Monday,0.1636701797892126,0.209351085019394,0.3333333333333333,2,3,1
2797,2023-02-28,08:44:00,Central,Crossroad,34.0,35.06,Snow,4,Yellow,1,Fatal,Fair,Tuesday,0.1438313701177929,0.2627109759932907,0.3333333333333333,0,1,2
2799,2023-08-06,03:32:00,South,Highway,158.0,61.79,Fog,1,Yellow,1,Fatal,Good,Sunday,0.758834469931804,0.542929028200021,0.0,3,2,1
2800,2023-10-02,15:15:00,North,Residential,52.0,35.67,Rain,6,Yellow,1,Minor,Good,Monday,0.2331060136391816,0.2691057762868225,0.5555555555555556,2,3,1
2807,2023-02-18,03:18:00,South,Highway,170.0,64.75,Snow,1,Red,1,Minor,Fair,Saturday,0.8183508989460632,0.5739595345424049,0.0,3,2,1
2809,2023-04-16,23:33:00,South,Arterial,46.0,29.39,Rain,1,Green,1,Major,Fair,Sunday,0.203347799132052,0.2032707831009539,0.0,3,0,0
2828,2023-09-14,02:06:00,West,Arterial,32.0,25.55,Snow,4,Green,1,Minor,Good,Thursday,0.133911965282083,0.1630149910892127,0.3333333333333333,4,0,0
2853,2023-07-14,03:50:00,Central,Residential,43.0,15.31,Rain,3,Green,1,Major,Poor,Friday,0.1884686918784872,0.0556662123912359,0.2222222222222222,0,3,2
2865,2023-10-02,04:00:00,West,Crossroad,52.0,31.58,Rain,2,Green,1,Fatal,Poor,Monday,0.2331060136391816,0.2262291644826501,0.1111111111111111,4,1,0
2871,2023-12-07,11:31:00,Central,Highway,156.0,56.06,Snow,1,Yellow,1,Fatal,Good,Thursday,0.7489150650960942,0.4828598385575008,0.0,0,2,2
2879,2023-01-01,13:38:00,West,Highway,161.0,61.35,Fog,4,Red,1,Minor,Good,Sunday,0.7737135771853688,0.5383163853653423,0.3333333333333333,4,2,1
2899,2023-12-13,08:44:00,West,Highway,206.625,61.93,Fog,3,Red,1,Major,Poor,Wednesday,1.0,0.5443966872837823,0.2222222222222222,4,2,1
2905,2023-12-25,20:20:00,West,Highway,204.0,62.15,Snow,10,Yellow,1,Minor,Good,Monday,0.9869807811531308,0.5467030087011217,1.0,4,2,1
2906,2023-05-06,02:43:00,North,Crossroad,72.0,43.54,Snow,8,Yellow,1,Fatal,Poor,Saturday,0.3323000619962802,0.3516091833525526,0.7777777777777777,2,1,0
2932,2023-07-15,00:54:00,East,Residential,43.0,17.65,Fog,2,Red,1,Major,Poor,Saturday,0.1884686918784872,0.0801970856483908,0.1111111111111111,1,3,2
2936,2023-01-25,06:33:00,Central,Highway,137.0,65.67,Fog,1,Red,1,Minor,Poor,Wednesday,0.6546807191568506,0.5836041513785513,0.0,0,2,2
2941,2023-08-25,21:06:00,West,Arterial,5.0,43.14,Snow,7,Yellow,1,Major,Good,Friday,0.0,0.347415871684663,0.6666666666666665,4,0,0
2950,2023-11-28,07:16:00,East,Highway,150.0,72.73,Fog,1,Yellow,1,Minor,Poor,Tuesday,0.7191568505889646,0.6576161023168048,0.0,1,2,2
2953,2023-04-25,17:55:00,South,Crossroad,32.0,28.9,Snow,2,Red,1,Fatal,Fair,Tuesday,0.133911965282083,0.198133976307789,0.1111111111111111,3,1,0
2954,2023-05-30,04:20:00,South,Crossroad,46.0,10.0,Snow,10,Green,1,Major,Good,Tuesday,0.203347799132052,0.0,1.0,3,1,0
2963,2023-08-04,01:48:00,North,Residential,14.0,25.11,Snow,2,Yellow,1,Major,Poor,Friday,0.0446373217606943,0.158402348254534,0.1111111111111111,2,3,1
2971,2023-05-29,00:02:00,North,Arterial,23.0,47.71,Clear,1,Yellow,1,Fatal,Fair,Monday,0.0892746435213887,0.395324457490303,0.0,2,0,0
2993,2023-03-13,18:55:00,East,Crossroad,81.0,27.45,Fog,4,Green,1,Minor,Poor,Monday,0.3769373837569745,0.1829332215116888,0.3333333333333333,1,1,2
